INSERT INTO DomainHist VALUES (NULL, 'auto-renew-test-01.ie', 'AutoRenew test 01', 2, 4, NULL, (SELECT MAX(Chng_Id) FROM AccountHist WHERE A_Number = 600), CURDATE() - Interval 1 Year, CURDATE(), NOW(), 'Test Remark', 'XBC189-IEDR', NOW(), 'NO', '590', NULL, NULL, NULL, NULL, NULL, 0, NULL, NULL);
INSERT INTO DomainHist VALUES (NULL, 'auto-renew-test-02.ie', 'AutoRenew test 02', 2, 4, NULL, (SELECT MAX(Chng_Id) FROM AccountHist WHERE A_Number = 600), CURDATE() - Interval 1 Year, CURDATE(), NOW(), 'Test Remark', 'XBC189-IEDR', NOW(), 'NO', '588', NULL, NULL, NULL, NULL, NULL, 0, NULL, NULL);
INSERT INTO DomainHist VALUES (NULL, 'auto-renew-test-03.ie', 'AutoRenew test 03', 2, 4, NULL, (SELECT MAX(Chng_Id) FROM AccountHist WHERE A_Number = 600), CURDATE() - Interval 1 Year, CURDATE(), NOW(), 'Test Remark', 'XBC189-IEDR', NOW(), 'NO', '542', NULL, NULL, NULL, NULL, NULL, 0, NULL, NULL);
INSERT INTO DomainHist VALUES (NULL, 'auto-renew-test-04.ie', 'AutoRenew test 04', 2, 4, NULL, (SELECT MAX(Chng_Id) FROM AccountHist WHERE A_Number = 600), CURDATE() - Interval 1 Year, CURDATE(), NOW(), 'Test Remark', 'XBC189-IEDR', NOW(), 'NO', '540', NULL, NULL, NULL, NULL, NULL, 0, NULL, NULL);
INSERT INTO DomainHist VALUES (NULL, 'auto-renew-test-05.ie', 'AutoRenew test 05', 2, 4, NULL, (SELECT MAX(Chng_Id) FROM AccountHist WHERE A_Number = 600), CURDATE() - Interval 1 Year, CURDATE(), NOW(), 'Test Remark', 'XBC189-IEDR', NOW(), 'NO', '446', NULL, NULL, NULL, NULL, NULL, 0, NULL, NULL);
INSERT INTO DomainHist VALUES (NULL, 'auto-renew-test-06.ie', 'AutoRenew test 06', 2, 4, NULL, (SELECT MAX(Chng_Id) FROM AccountHist WHERE A_Number = 600), CURDATE() - Interval 1 Year, CURDATE(), NOW(), 'Test Remark', 'XBC189-IEDR', NOW(), 'NO', '446', NULL, NULL, NULL, NULL, NULL, 0, NULL, NULL);
INSERT INTO DomainHist VALUES (NULL, 'auto-renew-test-07.ie', 'AutoRenew test 07', 2, 4, NULL, (SELECT MAX(Chng_Id) FROM AccountHist WHERE A_Number = 600), CURDATE() - Interval 1 Year, CURDATE(), NOW(), 'Test Remark', 'XBC189-IEDR', NOW(), 'NO', '398', NULL, NULL, NULL, NULL, NULL, 0, NULL, NULL);
INSERT INTO DomainHist VALUES (NULL, 'auto-renew-test-08.ie', 'AutoRenew test 08', 2, 4, NULL, (SELECT MAX(Chng_Id) FROM AccountHist WHERE A_Number = 600), CURDATE() - Interval 1 Year, CURDATE(), NOW(), 'Test Remark', 'XBC189-IEDR', NOW(), 'NO', '398', NULL, NULL, NULL, NULL, NULL, 0, NULL, NULL);
INSERT INTO DomainHist VALUES (NULL, 'auto-renew-test-09.ie', 'AutoRenew test 09', 2, 4, NULL, (SELECT MAX(Chng_Id) FROM AccountHist WHERE A_Number = 600), CURDATE() - Interval 1 Year, CURDATE(), NOW(), 'Test Remark', 'XBC189-IEDR', NOW(), 'NO', '394', NULL, NULL, NULL, NULL, NULL, 0, NULL, NULL);
INSERT INTO DomainHist VALUES (NULL, 'auto-renew-test-10.ie', 'AutoRenew test 10', 2, 4, NULL, (SELECT MAX(Chng_Id) FROM AccountHist WHERE A_Number = 600), CURDATE() - Interval 1 Year, CURDATE(), NOW(), 'Test Remark', 'XBC189-IEDR', NOW(), 'NO', '394', NULL, NULL, NULL, NULL, NULL, 0, NULL, NULL);
INSERT INTO DomainHist VALUES (NULL, 'auto-renew-test-11.ie', 'AutoRenew test 11', 2, 4, NULL, (SELECT MAX(Chng_Id) FROM AccountHist WHERE A_Number = 600), CURDATE() - Interval 1 Year, CURDATE(), NOW(), 'Test Remark', 'XBC189-IEDR', NOW(), 'NO', '88', NULL, NULL, NULL, NULL, NULL, 0, NULL, NULL);
INSERT INTO DomainHist VALUES (NULL, 'auto-renew-test-12.ie', 'AutoRenew test 12', 2, 4, NULL, (SELECT MAX(Chng_Id) FROM AccountHist WHERE A_Number = 600), CURDATE() - Interval 1 Year, CURDATE(), NOW(), 'Test Remark', 'XBC189-IEDR', NOW(), 'NO', '87', NULL, NULL, NULL, NULL, NULL, 0, NULL, NULL);
INSERT INTO DomainHist VALUES (NULL, 'auto-renew-test-13.ie', 'AutoRenew test 13', 2, 4, NULL, (SELECT MAX(Chng_Id) FROM AccountHist WHERE A_Number = 600), CURDATE() - Interval 1 Year, CURDATE(), NOW(), 'Test Remark', 'XBC189-IEDR', NOW(), 'NO', '83', NULL, NULL, NULL, NULL, NULL, 0, NULL, NULL);
INSERT INTO DomainHist VALUES (NULL, 'auto-renew-test-14.ie', 'AutoRenew test 14', 2, 4, NULL, (SELECT MAX(Chng_Id) FROM AccountHist WHERE A_Number = 600), CURDATE() - Interval 1 Year, CURDATE(), NOW(), 'Test Remark', 'XBC189-IEDR', NOW(), 'NO', '82', NULL, NULL, NULL, NULL, NULL, 0, NULL, NULL);
INSERT INTO DomainHist VALUES (NULL, 'auto-renew-test-15.ie', 'AutoRenew test 15', 2, 4, NULL, (SELECT MAX(Chng_Id) FROM AccountHist WHERE A_Number = 600), CURDATE() - Interval 1 Year, CURDATE(), NOW(), 'Test Remark', 'XBC189-IEDR', NOW(), 'NO', '81', NULL, NULL, NULL, NULL, NULL, 0, NULL, NULL);
INSERT INTO DomainHist VALUES (NULL, 'auto-renew-test-16.ie', 'AutoRenew test 16', 2, 4, NULL, (SELECT MAX(Chng_Id) FROM AccountHist WHERE A_Number = 600), CURDATE() - Interval 1 Year, CURDATE(), NOW(), 'Test Remark', 'XBC189-IEDR', NOW(), 'NO', '72', NULL, NULL, NULL, NULL, NULL, 0, NULL, NULL);
INSERT INTO DomainHist VALUES (NULL, 'auto-renew-test-17.ie', 'AutoRenew test 17', 2, 4, NULL, (SELECT MAX(Chng_Id) FROM AccountHist WHERE A_Number = 600), CURDATE() - Interval 1 Year, CURDATE(), NOW(), 'Test Remark', 'XBC189-IEDR', NOW(), 'NO', '71', NULL, NULL, NULL, NULL, NULL, 0, NULL, NULL);
INSERT INTO DomainHist VALUES (NULL, 'auto-renew-test-18.ie', 'AutoRenew test 18', 2, 4, NULL, (SELECT MAX(Chng_Id) FROM AccountHist WHERE A_Number = 600), CURDATE() - Interval 1 Year, CURDATE(), NOW(), 'Test Remark', 'XBC189-IEDR', NOW(), 'NO', '67', NULL, NULL, NULL, NULL, NULL, 0, NULL, NULL);
INSERT INTO DomainHist VALUES (NULL, 'auto-renew-test-19.ie', 'AutoRenew test 19', 2, 4, NULL, (SELECT MAX(Chng_Id) FROM AccountHist WHERE A_Number = 600), CURDATE() - Interval 1 Year, CURDATE(), NOW(), 'Test Remark', 'XBC189-IEDR', NOW(), 'NO', '66', NULL, NULL, NULL, NULL, NULL, 0, NULL, NULL);
INSERT INTO DomainHist VALUES (NULL, 'auto-renew-test-20.ie', 'AutoRenew test 20', 2, 4, NULL, (SELECT MAX(Chng_Id) FROM AccountHist WHERE A_Number = 600), CURDATE() - Interval 1 Year, CURDATE(), NOW(), 'Test Remark', 'XBC189-IEDR', NOW(), 'NO', '65', NULL, NULL, NULL, NULL, NULL, 0, NULL, NULL);
INSERT INTO DomainHist VALUES (NULL, 'auto-renew-test-21.ie', 'AutoRenew test 21', 2, 4, NULL, (SELECT MAX(Chng_Id) FROM AccountHist WHERE A_Number = 600), CURDATE() - Interval 1 Year, CURDATE(), NOW(), 'Test Remark', 'XBC189-IEDR', NOW(), 'NO', '56', NULL, NULL, NULL, NULL, NULL, 0, NULL, NULL);
INSERT INTO DomainHist VALUES (NULL, 'auto-renew-test-22.ie', 'AutoRenew test 22', 2, 4, NULL, (SELECT MAX(Chng_Id) FROM AccountHist WHERE A_Number = 600), CURDATE() - Interval 1 Year, CURDATE(), NOW(), 'Test Remark', 'XBC189-IEDR', NOW(), 'NO', '55', NULL, NULL, NULL, NULL, NULL, 0, NULL, NULL);
INSERT INTO DomainHist VALUES (NULL, 'auto-renew-test-23.ie', 'AutoRenew test 23', 2, 4, NULL, (SELECT MAX(Chng_Id) FROM AccountHist WHERE A_Number = 600), CURDATE() - Interval 1 Year, CURDATE(), NOW(), 'Test Remark', 'XBC189-IEDR', NOW(), 'NO', '49', NULL, NULL, NULL, NULL, NULL, 0, NULL, NULL);
INSERT INTO DomainHist VALUES (NULL, 'auto-renew-test-24.ie', 'AutoRenew test 24', 2, 4, NULL, (SELECT MAX(Chng_Id) FROM AccountHist WHERE A_Number = 600), CURDATE() - Interval 1 Year, CURDATE(), NOW(), 'Test Remark', 'XBC189-IEDR', NOW(), 'NO', '40', NULL, NULL, NULL, NULL, NULL, 0, NULL, NULL);
INSERT INTO DomainHist VALUES (NULL, 'auto-renew-test-25.ie', 'AutoRenew test 25', 2, 4, NULL, (SELECT MAX(Chng_Id) FROM AccountHist WHERE A_Number = 600), CURDATE() - Interval 1 Year, CURDATE(), NOW(), 'Test Remark', 'XBC189-IEDR', NOW(), 'NO', '39', NULL, NULL, NULL, NULL, NULL, 0, NULL, NULL);
INSERT INTO DomainHist VALUES (NULL, 'auto-renew-test-26.ie', 'AutoRenew test 26', 2, 4, NULL, (SELECT MAX(Chng_Id) FROM AccountHist WHERE A_Number = 600), CURDATE() - Interval 1 Year, CURDATE(), NOW(), 'Test Remark', 'XBC189-IEDR', NOW(), 'NO', '33', NULL, NULL, NULL, NULL, NULL, 0, NULL, NULL);

INSERT INTO Domain VALUES ('auto-renew-test-01.ie', 'AutoRenew test 01', 2, 4, NULL, 600, CURDATE() - Interval 1 Year, CURDATE(), NOW(), 'Test Remark', 'NO', '590', NULL, NULL, NULL, NULL, NULL, 0, NULL, NULL, (SELECT MAX(Chng_Id) FROM DomainHist WHERE D_Name = 'auto-renew-test-01.ie'));
INSERT INTO Domain VALUES ('auto-renew-test-02.ie', 'AutoRenew test 02', 2, 4, NULL, 600, CURDATE() - Interval 1 Year, CURDATE(), NOW(), 'Test Remark', 'NO', '588', NULL, NULL, NULL, NULL, NULL, 0, NULL, NULL, (SELECT MAX(Chng_Id) FROM DomainHist WHERE D_Name = 'auto-renew-test-02.ie'));
INSERT INTO Domain VALUES ('auto-renew-test-03.ie', 'AutoRenew test 03', 2, 4, NULL, 600, CURDATE() - Interval 1 Year, CURDATE(), NOW(), 'Test Remark', 'NO', '542', NULL, NULL, NULL, NULL, NULL, 0, NULL, NULL, (SELECT MAX(Chng_Id) FROM DomainHist WHERE D_Name = 'auto-renew-test-03.ie'));
INSERT INTO Domain VALUES ('auto-renew-test-04.ie', 'AutoRenew test 04', 2, 4, NULL, 600, CURDATE() - Interval 1 Year, CURDATE(), NOW(), 'Test Remark', 'NO', '540', NULL, NULL, NULL, NULL, NULL, 0, NULL, NULL, (SELECT MAX(Chng_Id) FROM DomainHist WHERE D_Name = 'auto-renew-test-04.ie'));
INSERT INTO Domain VALUES ('auto-renew-test-05.ie', 'AutoRenew test 05', 2, 4, NULL, 600, CURDATE() - Interval 1 Year, CURDATE(), NOW(), 'Test Remark', 'NO', '446', NULL, NULL, NULL, NULL, NULL, 0, NULL, NULL, (SELECT MAX(Chng_Id) FROM DomainHist WHERE D_Name = 'auto-renew-test-05.ie'));
INSERT INTO Domain VALUES ('auto-renew-test-06.ie', 'AutoRenew test 06', 2, 4, NULL, 600, CURDATE() - Interval 1 Year, CURDATE(), NOW(), 'Test Remark', 'NO', '446', NULL, NULL, NULL, NULL, NULL, 0, NULL, NULL, (SELECT MAX(Chng_Id) FROM DomainHist WHERE D_Name = 'auto-renew-test-06.ie'));
INSERT INTO Domain VALUES ('auto-renew-test-07.ie', 'AutoRenew test 07', 2, 4, NULL, 600, CURDATE() - Interval 1 Year, CURDATE(), NOW(), 'Test Remark', 'NO', '398', NULL, NULL, NULL, NULL, NULL, 0, NULL, NULL, (SELECT MAX(Chng_Id) FROM DomainHist WHERE D_Name = 'auto-renew-test-07.ie'));
INSERT INTO Domain VALUES ('auto-renew-test-08.ie', 'AutoRenew test 08', 2, 4, NULL, 600, CURDATE() - Interval 1 Year, CURDATE(), NOW(), 'Test Remark', 'NO', '398', NULL, NULL, NULL, NULL, NULL, 0, NULL, NULL, (SELECT MAX(Chng_Id) FROM DomainHist WHERE D_Name = 'auto-renew-test-08.ie'));
INSERT INTO Domain VALUES ('auto-renew-test-09.ie', 'AutoRenew test 09', 2, 4, NULL, 600, CURDATE() - Interval 1 Year, CURDATE(), NOW(), 'Test Remark', 'NO', '394', NULL, NULL, NULL, NULL, NULL, 0, NULL, NULL, (SELECT MAX(Chng_Id) FROM DomainHist WHERE D_Name = 'auto-renew-test-09.ie'));
INSERT INTO Domain VALUES ('auto-renew-test-10.ie', 'AutoRenew test 10', 2, 4, NULL, 600, CURDATE() - Interval 1 Year, CURDATE(), NOW(), 'Test Remark', 'NO', '394', NULL, NULL, NULL, NULL, NULL, 0, NULL, NULL, (SELECT MAX(Chng_Id) FROM DomainHist WHERE D_Name = 'auto-renew-test-10.ie'));
INSERT INTO Domain VALUES ('auto-renew-test-11.ie', 'AutoRenew test 11', 2, 4, NULL, 600, CURDATE() - Interval 1 Year, CURDATE(), NOW(), 'Test Remark', 'NO', '88', NULL, NULL, NULL, NULL, NULL, 0, NULL, NULL, (SELECT MAX(Chng_Id) FROM DomainHist WHERE D_Name = 'auto-renew-test-11.ie'));
INSERT INTO Domain VALUES ('auto-renew-test-12.ie', 'AutoRenew test 12', 2, 4, NULL, 600, CURDATE() - Interval 1 Year, CURDATE(), NOW(), 'Test Remark', 'NO', '87', NULL, NULL, NULL, NULL, NULL, 0, NULL, NULL, (SELECT MAX(Chng_Id) FROM DomainHist WHERE D_Name = 'auto-renew-test-12.ie'));
INSERT INTO Domain VALUES ('auto-renew-test-13.ie', 'AutoRenew test 13', 2, 4, NULL, 600, CURDATE() - Interval 1 Year, CURDATE(), NOW(), 'Test Remark', 'NO', '83', NULL, NULL, NULL, NULL, NULL, 0, NULL, NULL, (SELECT MAX(Chng_Id) FROM DomainHist WHERE D_Name = 'auto-renew-test-13.ie'));
INSERT INTO Domain VALUES ('auto-renew-test-14.ie', 'AutoRenew test 14', 2, 4, NULL, 600, CURDATE() - Interval 1 Year, CURDATE(), NOW(), 'Test Remark', 'NO', '82', NULL, NULL, NULL, NULL, NULL, 0, NULL, NULL, (SELECT MAX(Chng_Id) FROM DomainHist WHERE D_Name = 'auto-renew-test-14.ie'));
INSERT INTO Domain VALUES ('auto-renew-test-15.ie', 'AutoRenew test 15', 2, 4, NULL, 600, CURDATE() - Interval 1 Year, CURDATE(), NOW(), 'Test Remark', 'NO', '81', NULL, NULL, NULL, NULL, NULL, 0, NULL, NULL, (SELECT MAX(Chng_Id) FROM DomainHist WHERE D_Name = 'auto-renew-test-15.ie'));
INSERT INTO Domain VALUES ('auto-renew-test-16.ie', 'AutoRenew test 16', 2, 4, NULL, 600, CURDATE() - Interval 1 Year, CURDATE(), NOW(), 'Test Remark', 'NO', '72', NULL, NULL, NULL, NULL, NULL, 0, NULL, NULL, (SELECT MAX(Chng_Id) FROM DomainHist WHERE D_Name = 'auto-renew-test-16.ie'));
INSERT INTO Domain VALUES ('auto-renew-test-17.ie', 'AutoRenew test 17', 2, 4, NULL, 600, CURDATE() - Interval 1 Year, CURDATE(), NOW(), 'Test Remark', 'NO', '71', NULL, NULL, NULL, NULL, NULL, 0, NULL, NULL, (SELECT MAX(Chng_Id) FROM DomainHist WHERE D_Name = 'auto-renew-test-17.ie'));
INSERT INTO Domain VALUES ('auto-renew-test-18.ie', 'AutoRenew test 18', 2, 4, NULL, 600, CURDATE() - Interval 1 Year, CURDATE(), NOW(), 'Test Remark', 'NO', '67', NULL, NULL, NULL, NULL, NULL, 0, NULL, NULL, (SELECT MAX(Chng_Id) FROM DomainHist WHERE D_Name = 'auto-renew-test-18.ie'));
INSERT INTO Domain VALUES ('auto-renew-test-19.ie', 'AutoRenew test 19', 2, 4, NULL, 600, CURDATE() - Interval 1 Year, CURDATE(), NOW(), 'Test Remark', 'NO', '66', NULL, NULL, NULL, NULL, NULL, 0, NULL, NULL, (SELECT MAX(Chng_Id) FROM DomainHist WHERE D_Name = 'auto-renew-test-19.ie'));
INSERT INTO Domain VALUES ('auto-renew-test-20.ie', 'AutoRenew test 20', 2, 4, NULL, 600, CURDATE() - Interval 1 Year, CURDATE(), NOW(), 'Test Remark', 'NO', '65', NULL, NULL, NULL, NULL, NULL, 0, NULL, NULL, (SELECT MAX(Chng_Id) FROM DomainHist WHERE D_Name = 'auto-renew-test-20.ie'));
INSERT INTO Domain VALUES ('auto-renew-test-21.ie', 'AutoRenew test 21', 2, 4, NULL, 600, CURDATE() - Interval 1 Year, CURDATE(), NOW(), 'Test Remark', 'NO', '56', NULL, NULL, NULL, NULL, NULL, 0, NULL, NULL, (SELECT MAX(Chng_Id) FROM DomainHist WHERE D_Name = 'auto-renew-test-21.ie'));
INSERT INTO Domain VALUES ('auto-renew-test-22.ie', 'AutoRenew test 22', 2, 4, NULL, 600, CURDATE() - Interval 1 Year, CURDATE(), NOW(), 'Test Remark', 'NO', '55', NULL, NULL, NULL, NULL, NULL, 0, NULL, NULL, (SELECT MAX(Chng_Id) FROM DomainHist WHERE D_Name = 'auto-renew-test-22.ie'));
INSERT INTO Domain VALUES ('auto-renew-test-23.ie', 'AutoRenew test 23', 2, 4, NULL, 600, CURDATE() - Interval 1 Year, CURDATE(), NOW(), 'Test Remark', 'NO', '49', NULL, NULL, NULL, NULL, NULL, 0, NULL, NULL, (SELECT MAX(Chng_Id) FROM DomainHist WHERE D_Name = 'auto-renew-test-23.ie'));
INSERT INTO Domain VALUES ('auto-renew-test-24.ie', 'AutoRenew test 24', 2, 4, NULL, 600, CURDATE() - Interval 1 Year, CURDATE(), NOW(), 'Test Remark', 'NO', '40', NULL, NULL, NULL, NULL, NULL, 0, NULL, NULL, (SELECT MAX(Chng_Id) FROM DomainHist WHERE D_Name = 'auto-renew-test-24.ie'));
INSERT INTO Domain VALUES ('auto-renew-test-25.ie', 'AutoRenew test 25', 2, 4, NULL, 600, CURDATE() - Interval 1 Year, CURDATE(), NOW(), 'Test Remark', 'NO', '39', NULL, NULL, NULL, NULL, NULL, 0, NULL, NULL, (SELECT MAX(Chng_Id) FROM DomainHist WHERE D_Name = 'auto-renew-test-25.ie'));
INSERT INTO Domain VALUES ('auto-renew-test-26.ie', 'AutoRenew test 26', 2, 4, NULL, 600, CURDATE() - Interval 1 Year, CURDATE(), NOW(), 'Test Remark', 'NO', '33', NULL, NULL, NULL, NULL, NULL, 0, NULL, NULL, (SELECT MAX(Chng_Id) FROM DomainHist WHERE D_Name = 'auto-renew-test-26.ie'));

INSERT INTO ContactHist VALUES
((SELECT MAX(Chng_Id) FROM DomainHist WHERE D_Name = 'auto-renew-test-01.ie'), 'auto-renew-test-01.ie', (SELECT MAX(Chng_Id) FROM NicHandleHist WHERE Nic_Handle = 'XOE550-IEDR'), 'Admin'),
((SELECT MAX(Chng_Id) FROM DomainHist WHERE D_Name = 'auto-renew-test-01.ie'), 'auto-renew-test-01.ie', (SELECT MAX(Chng_Id) FROM NicHandleHist WHERE Nic_Handle = 'XBC189-IEDR'), 'Billing'),
((SELECT MAX(Chng_Id) FROM DomainHist WHERE D_Name = 'auto-renew-test-01.ie'), 'auto-renew-test-01.ie', (SELECT MAX(Chng_Id) FROM NicHandleHist WHERE Nic_Handle = 'XBC189-IEDR'), 'Creator'),
((SELECT MAX(Chng_Id) FROM DomainHist WHERE D_Name = 'auto-renew-test-01.ie'), 'auto-renew-test-01.ie', (SELECT MAX(Chng_Id) FROM NicHandleHist WHERE Nic_Handle = 'XBC189-IEDR'), 'Tech');
INSERT INTO ContactHist VALUES
((SELECT MAX(Chng_Id) FROM DomainHist WHERE D_Name = 'auto-renew-test-02.ie'), 'auto-renew-test-02.ie', (SELECT MAX(Chng_Id) FROM NicHandleHist WHERE Nic_Handle = 'XOE550-IEDR'), 'Admin'),
((SELECT MAX(Chng_Id) FROM DomainHist WHERE D_Name = 'auto-renew-test-02.ie'), 'auto-renew-test-02.ie', (SELECT MAX(Chng_Id) FROM NicHandleHist WHERE Nic_Handle = 'XBC189-IEDR'), 'Billing'),
((SELECT MAX(Chng_Id) FROM DomainHist WHERE D_Name = 'auto-renew-test-02.ie'), 'auto-renew-test-02.ie', (SELECT MAX(Chng_Id) FROM NicHandleHist WHERE Nic_Handle = 'XBC189-IEDR'), 'Creator'),
((SELECT MAX(Chng_Id) FROM DomainHist WHERE D_Name = 'auto-renew-test-02.ie'), 'auto-renew-test-02.ie', (SELECT MAX(Chng_Id) FROM NicHandleHist WHERE Nic_Handle = 'XBC189-IEDR'), 'Tech');
INSERT INTO ContactHist VALUES
((SELECT MAX(Chng_Id) FROM DomainHist WHERE D_Name = 'auto-renew-test-03.ie'), 'auto-renew-test-03.ie', (SELECT MAX(Chng_Id) FROM NicHandleHist WHERE Nic_Handle = 'XOE550-IEDR'), 'Admin'),
((SELECT MAX(Chng_Id) FROM DomainHist WHERE D_Name = 'auto-renew-test-03.ie'), 'auto-renew-test-03.ie', (SELECT MAX(Chng_Id) FROM NicHandleHist WHERE Nic_Handle = 'XBC189-IEDR'), 'Billing'),
((SELECT MAX(Chng_Id) FROM DomainHist WHERE D_Name = 'auto-renew-test-03.ie'), 'auto-renew-test-03.ie', (SELECT MAX(Chng_Id) FROM NicHandleHist WHERE Nic_Handle = 'XBC189-IEDR'), 'Creator'),
((SELECT MAX(Chng_Id) FROM DomainHist WHERE D_Name = 'auto-renew-test-03.ie'), 'auto-renew-test-03.ie', (SELECT MAX(Chng_Id) FROM NicHandleHist WHERE Nic_Handle = 'XBC189-IEDR'), 'Tech');
INSERT INTO ContactHist VALUES
((SELECT MAX(Chng_Id) FROM DomainHist WHERE D_Name = 'auto-renew-test-04.ie'), 'auto-renew-test-04.ie', (SELECT MAX(Chng_Id) FROM NicHandleHist WHERE Nic_Handle = 'XOE550-IEDR'), 'Admin'),
((SELECT MAX(Chng_Id) FROM DomainHist WHERE D_Name = 'auto-renew-test-04.ie'), 'auto-renew-test-04.ie', (SELECT MAX(Chng_Id) FROM NicHandleHist WHERE Nic_Handle = 'XBC189-IEDR'), 'Billing'),
((SELECT MAX(Chng_Id) FROM DomainHist WHERE D_Name = 'auto-renew-test-04.ie'), 'auto-renew-test-04.ie', (SELECT MAX(Chng_Id) FROM NicHandleHist WHERE Nic_Handle = 'XBC189-IEDR'), 'Creator'),
((SELECT MAX(Chng_Id) FROM DomainHist WHERE D_Name = 'auto-renew-test-04.ie'), 'auto-renew-test-04.ie', (SELECT MAX(Chng_Id) FROM NicHandleHist WHERE Nic_Handle = 'XBC189-IEDR'), 'Tech');
INSERT INTO ContactHist VALUES
((SELECT MAX(Chng_Id) FROM DomainHist WHERE D_Name = 'auto-renew-test-05.ie'), 'auto-renew-test-05.ie', (SELECT MAX(Chng_Id) FROM NicHandleHist WHERE Nic_Handle = 'XOE550-IEDR'), 'Admin'),
((SELECT MAX(Chng_Id) FROM DomainHist WHERE D_Name = 'auto-renew-test-05.ie'), 'auto-renew-test-05.ie', (SELECT MAX(Chng_Id) FROM NicHandleHist WHERE Nic_Handle = 'XBC189-IEDR'), 'Billing'),
((SELECT MAX(Chng_Id) FROM DomainHist WHERE D_Name = 'auto-renew-test-05.ie'), 'auto-renew-test-05.ie', (SELECT MAX(Chng_Id) FROM NicHandleHist WHERE Nic_Handle = 'XBC189-IEDR'), 'Creator'),
((SELECT MAX(Chng_Id) FROM DomainHist WHERE D_Name = 'auto-renew-test-05.ie'), 'auto-renew-test-05.ie', (SELECT MAX(Chng_Id) FROM NicHandleHist WHERE Nic_Handle = 'XBC189-IEDR'), 'Tech');
INSERT INTO ContactHist VALUES
((SELECT MAX(Chng_Id) FROM DomainHist WHERE D_Name = 'auto-renew-test-06.ie'), 'auto-renew-test-06.ie', (SELECT MAX(Chng_Id) FROM NicHandleHist WHERE Nic_Handle = 'XOE550-IEDR'), 'Admin'),
((SELECT MAX(Chng_Id) FROM DomainHist WHERE D_Name = 'auto-renew-test-06.ie'), 'auto-renew-test-06.ie', (SELECT MAX(Chng_Id) FROM NicHandleHist WHERE Nic_Handle = 'XBC189-IEDR'), 'Billing'),
((SELECT MAX(Chng_Id) FROM DomainHist WHERE D_Name = 'auto-renew-test-06.ie'), 'auto-renew-test-06.ie', (SELECT MAX(Chng_Id) FROM NicHandleHist WHERE Nic_Handle = 'XBC189-IEDR'), 'Creator'),
((SELECT MAX(Chng_Id) FROM DomainHist WHERE D_Name = 'auto-renew-test-06.ie'), 'auto-renew-test-06.ie', (SELECT MAX(Chng_Id) FROM NicHandleHist WHERE Nic_Handle = 'XBC189-IEDR'), 'Tech');
INSERT INTO ContactHist VALUES
((SELECT MAX(Chng_Id) FROM DomainHist WHERE D_Name = 'auto-renew-test-07.ie'), 'auto-renew-test-07.ie', (SELECT MAX(Chng_Id) FROM NicHandleHist WHERE Nic_Handle = 'XOE550-IEDR'), 'Admin'),
((SELECT MAX(Chng_Id) FROM DomainHist WHERE D_Name = 'auto-renew-test-07.ie'), 'auto-renew-test-07.ie', (SELECT MAX(Chng_Id) FROM NicHandleHist WHERE Nic_Handle = 'XBC189-IEDR'), 'Billing'),
((SELECT MAX(Chng_Id) FROM DomainHist WHERE D_Name = 'auto-renew-test-07.ie'), 'auto-renew-test-07.ie', (SELECT MAX(Chng_Id) FROM NicHandleHist WHERE Nic_Handle = 'XBC189-IEDR'), 'Creator'),
((SELECT MAX(Chng_Id) FROM DomainHist WHERE D_Name = 'auto-renew-test-07.ie'), 'auto-renew-test-07.ie', (SELECT MAX(Chng_Id) FROM NicHandleHist WHERE Nic_Handle = 'XBC189-IEDR'), 'Tech');
INSERT INTO ContactHist VALUES
((SELECT MAX(Chng_Id) FROM DomainHist WHERE D_Name = 'auto-renew-test-08.ie'), 'auto-renew-test-08.ie', (SELECT MAX(Chng_Id) FROM NicHandleHist WHERE Nic_Handle = 'XOE550-IEDR'), 'Admin'),
((SELECT MAX(Chng_Id) FROM DomainHist WHERE D_Name = 'auto-renew-test-08.ie'), 'auto-renew-test-08.ie', (SELECT MAX(Chng_Id) FROM NicHandleHist WHERE Nic_Handle = 'XBC189-IEDR'), 'Billing'),
((SELECT MAX(Chng_Id) FROM DomainHist WHERE D_Name = 'auto-renew-test-08.ie'), 'auto-renew-test-08.ie', (SELECT MAX(Chng_Id) FROM NicHandleHist WHERE Nic_Handle = 'XBC189-IEDR'), 'Creator'),
((SELECT MAX(Chng_Id) FROM DomainHist WHERE D_Name = 'auto-renew-test-08.ie'), 'auto-renew-test-08.ie', (SELECT MAX(Chng_Id) FROM NicHandleHist WHERE Nic_Handle = 'XBC189-IEDR'), 'Tech');
INSERT INTO ContactHist VALUES
((SELECT MAX(Chng_Id) FROM DomainHist WHERE D_Name = 'auto-renew-test-09.ie'), 'auto-renew-test-09.ie', (SELECT MAX(Chng_Id) FROM NicHandleHist WHERE Nic_Handle = 'XOE550-IEDR'), 'Admin'),
((SELECT MAX(Chng_Id) FROM DomainHist WHERE D_Name = 'auto-renew-test-09.ie'), 'auto-renew-test-09.ie', (SELECT MAX(Chng_Id) FROM NicHandleHist WHERE Nic_Handle = 'XBC189-IEDR'), 'Billing'),
((SELECT MAX(Chng_Id) FROM DomainHist WHERE D_Name = 'auto-renew-test-09.ie'), 'auto-renew-test-09.ie', (SELECT MAX(Chng_Id) FROM NicHandleHist WHERE Nic_Handle = 'XBC189-IEDR'), 'Creator'),
((SELECT MAX(Chng_Id) FROM DomainHist WHERE D_Name = 'auto-renew-test-09.ie'), 'auto-renew-test-09.ie', (SELECT MAX(Chng_Id) FROM NicHandleHist WHERE Nic_Handle = 'XBC189-IEDR'), 'Tech');
INSERT INTO ContactHist VALUES
((SELECT MAX(Chng_Id) FROM DomainHist WHERE D_Name = 'auto-renew-test-10.ie'), 'auto-renew-test-10.ie', (SELECT MAX(Chng_Id) FROM NicHandleHist WHERE Nic_Handle = 'XOE550-IEDR'), 'Admin'),
((SELECT MAX(Chng_Id) FROM DomainHist WHERE D_Name = 'auto-renew-test-10.ie'), 'auto-renew-test-10.ie', (SELECT MAX(Chng_Id) FROM NicHandleHist WHERE Nic_Handle = 'XBC189-IEDR'), 'Billing'),
((SELECT MAX(Chng_Id) FROM DomainHist WHERE D_Name = 'auto-renew-test-10.ie'), 'auto-renew-test-10.ie', (SELECT MAX(Chng_Id) FROM NicHandleHist WHERE Nic_Handle = 'XBC189-IEDR'), 'Creator'),
((SELECT MAX(Chng_Id) FROM DomainHist WHERE D_Name = 'auto-renew-test-10.ie'), 'auto-renew-test-10.ie', (SELECT MAX(Chng_Id) FROM NicHandleHist WHERE Nic_Handle = 'XBC189-IEDR'), 'Tech');
INSERT INTO ContactHist VALUES
((SELECT MAX(Chng_Id) FROM DomainHist WHERE D_Name = 'auto-renew-test-11.ie'), 'auto-renew-test-11.ie', (SELECT MAX(Chng_Id) FROM NicHandleHist WHERE Nic_Handle = 'XOE550-IEDR'), 'Admin'),
((SELECT MAX(Chng_Id) FROM DomainHist WHERE D_Name = 'auto-renew-test-11.ie'), 'auto-renew-test-11.ie', (SELECT MAX(Chng_Id) FROM NicHandleHist WHERE Nic_Handle = 'XBC189-IEDR'), 'Billing'),
((SELECT MAX(Chng_Id) FROM DomainHist WHERE D_Name = 'auto-renew-test-11.ie'), 'auto-renew-test-11.ie', (SELECT MAX(Chng_Id) FROM NicHandleHist WHERE Nic_Handle = 'XBC189-IEDR'), 'Creator'),
((SELECT MAX(Chng_Id) FROM DomainHist WHERE D_Name = 'auto-renew-test-11.ie'), 'auto-renew-test-11.ie', (SELECT MAX(Chng_Id) FROM NicHandleHist WHERE Nic_Handle = 'XBC189-IEDR'), 'Tech');
INSERT INTO ContactHist VALUES
((SELECT MAX(Chng_Id) FROM DomainHist WHERE D_Name = 'auto-renew-test-12.ie'), 'auto-renew-test-12.ie', (SELECT MAX(Chng_Id) FROM NicHandleHist WHERE Nic_Handle = 'XOE550-IEDR'), 'Admin'),
((SELECT MAX(Chng_Id) FROM DomainHist WHERE D_Name = 'auto-renew-test-12.ie'), 'auto-renew-test-12.ie', (SELECT MAX(Chng_Id) FROM NicHandleHist WHERE Nic_Handle = 'XBC189-IEDR'), 'Billing'),
((SELECT MAX(Chng_Id) FROM DomainHist WHERE D_Name = 'auto-renew-test-12.ie'), 'auto-renew-test-12.ie', (SELECT MAX(Chng_Id) FROM NicHandleHist WHERE Nic_Handle = 'XBC189-IEDR'), 'Creator'),
((SELECT MAX(Chng_Id) FROM DomainHist WHERE D_Name = 'auto-renew-test-12.ie'), 'auto-renew-test-12.ie', (SELECT MAX(Chng_Id) FROM NicHandleHist WHERE Nic_Handle = 'XBC189-IEDR'), 'Tech');
INSERT INTO ContactHist VALUES
((SELECT MAX(Chng_Id) FROM DomainHist WHERE D_Name = 'auto-renew-test-13.ie'), 'auto-renew-test-13.ie', (SELECT MAX(Chng_Id) FROM NicHandleHist WHERE Nic_Handle = 'XOE550-IEDR'), 'Admin'),
((SELECT MAX(Chng_Id) FROM DomainHist WHERE D_Name = 'auto-renew-test-13.ie'), 'auto-renew-test-13.ie', (SELECT MAX(Chng_Id) FROM NicHandleHist WHERE Nic_Handle = 'XBC189-IEDR'), 'Billing'),
((SELECT MAX(Chng_Id) FROM DomainHist WHERE D_Name = 'auto-renew-test-13.ie'), 'auto-renew-test-13.ie', (SELECT MAX(Chng_Id) FROM NicHandleHist WHERE Nic_Handle = 'XBC189-IEDR'), 'Creator'),
((SELECT MAX(Chng_Id) FROM DomainHist WHERE D_Name = 'auto-renew-test-13.ie'), 'auto-renew-test-13.ie', (SELECT MAX(Chng_Id) FROM NicHandleHist WHERE Nic_Handle = 'XBC189-IEDR'), 'Tech');
INSERT INTO ContactHist VALUES
((SELECT MAX(Chng_Id) FROM DomainHist WHERE D_Name = 'auto-renew-test-14.ie'), 'auto-renew-test-14.ie', (SELECT MAX(Chng_Id) FROM NicHandleHist WHERE Nic_Handle = 'XOE550-IEDR'), 'Admin'),
((SELECT MAX(Chng_Id) FROM DomainHist WHERE D_Name = 'auto-renew-test-14.ie'), 'auto-renew-test-14.ie', (SELECT MAX(Chng_Id) FROM NicHandleHist WHERE Nic_Handle = 'XBC189-IEDR'), 'Billing'),
((SELECT MAX(Chng_Id) FROM DomainHist WHERE D_Name = 'auto-renew-test-14.ie'), 'auto-renew-test-14.ie', (SELECT MAX(Chng_Id) FROM NicHandleHist WHERE Nic_Handle = 'XBC189-IEDR'), 'Creator'),
((SELECT MAX(Chng_Id) FROM DomainHist WHERE D_Name = 'auto-renew-test-14.ie'), 'auto-renew-test-14.ie', (SELECT MAX(Chng_Id) FROM NicHandleHist WHERE Nic_Handle = 'XBC189-IEDR'), 'Tech');
INSERT INTO ContactHist VALUES
((SELECT MAX(Chng_Id) FROM DomainHist WHERE D_Name = 'auto-renew-test-15.ie'), 'auto-renew-test-15.ie', (SELECT MAX(Chng_Id) FROM NicHandleHist WHERE Nic_Handle = 'XOE550-IEDR'), 'Admin'),
((SELECT MAX(Chng_Id) FROM DomainHist WHERE D_Name = 'auto-renew-test-15.ie'), 'auto-renew-test-15.ie', (SELECT MAX(Chng_Id) FROM NicHandleHist WHERE Nic_Handle = 'XBC189-IEDR'), 'Billing'),
((SELECT MAX(Chng_Id) FROM DomainHist WHERE D_Name = 'auto-renew-test-15.ie'), 'auto-renew-test-15.ie', (SELECT MAX(Chng_Id) FROM NicHandleHist WHERE Nic_Handle = 'XBC189-IEDR'), 'Creator'),
((SELECT MAX(Chng_Id) FROM DomainHist WHERE D_Name = 'auto-renew-test-15.ie'), 'auto-renew-test-15.ie', (SELECT MAX(Chng_Id) FROM NicHandleHist WHERE Nic_Handle = 'XBC189-IEDR'), 'Tech');
INSERT INTO ContactHist VALUES
((SELECT MAX(Chng_Id) FROM DomainHist WHERE D_Name = 'auto-renew-test-16.ie'), 'auto-renew-test-16.ie', (SELECT MAX(Chng_Id) FROM NicHandleHist WHERE Nic_Handle = 'XOE550-IEDR'), 'Admin'),
((SELECT MAX(Chng_Id) FROM DomainHist WHERE D_Name = 'auto-renew-test-16.ie'), 'auto-renew-test-16.ie', (SELECT MAX(Chng_Id) FROM NicHandleHist WHERE Nic_Handle = 'XBC189-IEDR'), 'Billing'),
((SELECT MAX(Chng_Id) FROM DomainHist WHERE D_Name = 'auto-renew-test-16.ie'), 'auto-renew-test-16.ie', (SELECT MAX(Chng_Id) FROM NicHandleHist WHERE Nic_Handle = 'XBC189-IEDR'), 'Creator'),
((SELECT MAX(Chng_Id) FROM DomainHist WHERE D_Name = 'auto-renew-test-16.ie'), 'auto-renew-test-16.ie', (SELECT MAX(Chng_Id) FROM NicHandleHist WHERE Nic_Handle = 'XBC189-IEDR'), 'Tech');
INSERT INTO ContactHist VALUES
((SELECT MAX(Chng_Id) FROM DomainHist WHERE D_Name = 'auto-renew-test-17.ie'), 'auto-renew-test-17.ie', (SELECT MAX(Chng_Id) FROM NicHandleHist WHERE Nic_Handle = 'XOE550-IEDR'), 'Admin'),
((SELECT MAX(Chng_Id) FROM DomainHist WHERE D_Name = 'auto-renew-test-17.ie'), 'auto-renew-test-17.ie', (SELECT MAX(Chng_Id) FROM NicHandleHist WHERE Nic_Handle = 'XBC189-IEDR'), 'Billing'),
((SELECT MAX(Chng_Id) FROM DomainHist WHERE D_Name = 'auto-renew-test-17.ie'), 'auto-renew-test-17.ie', (SELECT MAX(Chng_Id) FROM NicHandleHist WHERE Nic_Handle = 'XBC189-IEDR'), 'Creator'),
((SELECT MAX(Chng_Id) FROM DomainHist WHERE D_Name = 'auto-renew-test-17.ie'), 'auto-renew-test-17.ie', (SELECT MAX(Chng_Id) FROM NicHandleHist WHERE Nic_Handle = 'XBC189-IEDR'), 'Tech');
INSERT INTO ContactHist VALUES
((SELECT MAX(Chng_Id) FROM DomainHist WHERE D_Name = 'auto-renew-test-18.ie'), 'auto-renew-test-18.ie', (SELECT MAX(Chng_Id) FROM NicHandleHist WHERE Nic_Handle = 'XOE550-IEDR'), 'Admin'),
((SELECT MAX(Chng_Id) FROM DomainHist WHERE D_Name = 'auto-renew-test-18.ie'), 'auto-renew-test-18.ie', (SELECT MAX(Chng_Id) FROM NicHandleHist WHERE Nic_Handle = 'XBC189-IEDR'), 'Billing'),
((SELECT MAX(Chng_Id) FROM DomainHist WHERE D_Name = 'auto-renew-test-18.ie'), 'auto-renew-test-18.ie', (SELECT MAX(Chng_Id) FROM NicHandleHist WHERE Nic_Handle = 'XBC189-IEDR'), 'Creator'),
((SELECT MAX(Chng_Id) FROM DomainHist WHERE D_Name = 'auto-renew-test-18.ie'), 'auto-renew-test-18.ie', (SELECT MAX(Chng_Id) FROM NicHandleHist WHERE Nic_Handle = 'XBC189-IEDR'), 'Tech');
INSERT INTO ContactHist VALUES
((SELECT MAX(Chng_Id) FROM DomainHist WHERE D_Name = 'auto-renew-test-19.ie'), 'auto-renew-test-19.ie', (SELECT MAX(Chng_Id) FROM NicHandleHist WHERE Nic_Handle = 'XOE550-IEDR'), 'Admin'),
((SELECT MAX(Chng_Id) FROM DomainHist WHERE D_Name = 'auto-renew-test-19.ie'), 'auto-renew-test-19.ie', (SELECT MAX(Chng_Id) FROM NicHandleHist WHERE Nic_Handle = 'XBC189-IEDR'), 'Billing'),
((SELECT MAX(Chng_Id) FROM DomainHist WHERE D_Name = 'auto-renew-test-19.ie'), 'auto-renew-test-19.ie', (SELECT MAX(Chng_Id) FROM NicHandleHist WHERE Nic_Handle = 'XBC189-IEDR'), 'Creator'),
((SELECT MAX(Chng_Id) FROM DomainHist WHERE D_Name = 'auto-renew-test-19.ie'), 'auto-renew-test-19.ie', (SELECT MAX(Chng_Id) FROM NicHandleHist WHERE Nic_Handle = 'XBC189-IEDR'), 'Tech');
INSERT INTO ContactHist VALUES
((SELECT MAX(Chng_Id) FROM DomainHist WHERE D_Name = 'auto-renew-test-20.ie'), 'auto-renew-test-20.ie', (SELECT MAX(Chng_Id) FROM NicHandleHist WHERE Nic_Handle = 'XOE550-IEDR'), 'Admin'),
((SELECT MAX(Chng_Id) FROM DomainHist WHERE D_Name = 'auto-renew-test-20.ie'), 'auto-renew-test-20.ie', (SELECT MAX(Chng_Id) FROM NicHandleHist WHERE Nic_Handle = 'XBC189-IEDR'), 'Billing'),
((SELECT MAX(Chng_Id) FROM DomainHist WHERE D_Name = 'auto-renew-test-20.ie'), 'auto-renew-test-20.ie', (SELECT MAX(Chng_Id) FROM NicHandleHist WHERE Nic_Handle = 'XBC189-IEDR'), 'Creator'),
((SELECT MAX(Chng_Id) FROM DomainHist WHERE D_Name = 'auto-renew-test-20.ie'), 'auto-renew-test-20.ie', (SELECT MAX(Chng_Id) FROM NicHandleHist WHERE Nic_Handle = 'XBC189-IEDR'), 'Tech');
INSERT INTO ContactHist VALUES
((SELECT MAX(Chng_Id) FROM DomainHist WHERE D_Name = 'auto-renew-test-21.ie'), 'auto-renew-test-21.ie', (SELECT MAX(Chng_Id) FROM NicHandleHist WHERE Nic_Handle = 'XOE550-IEDR'), 'Admin'),
((SELECT MAX(Chng_Id) FROM DomainHist WHERE D_Name = 'auto-renew-test-21.ie'), 'auto-renew-test-21.ie', (SELECT MAX(Chng_Id) FROM NicHandleHist WHERE Nic_Handle = 'XBC189-IEDR'), 'Billing'),
((SELECT MAX(Chng_Id) FROM DomainHist WHERE D_Name = 'auto-renew-test-21.ie'), 'auto-renew-test-21.ie', (SELECT MAX(Chng_Id) FROM NicHandleHist WHERE Nic_Handle = 'XBC189-IEDR'), 'Creator'),
((SELECT MAX(Chng_Id) FROM DomainHist WHERE D_Name = 'auto-renew-test-21.ie'), 'auto-renew-test-21.ie', (SELECT MAX(Chng_Id) FROM NicHandleHist WHERE Nic_Handle = 'XBC189-IEDR'), 'Tech');
INSERT INTO ContactHist VALUES
((SELECT MAX(Chng_Id) FROM DomainHist WHERE D_Name = 'auto-renew-test-22.ie'), 'auto-renew-test-22.ie', (SELECT MAX(Chng_Id) FROM NicHandleHist WHERE Nic_Handle = 'XOE550-IEDR'), 'Admin'),
((SELECT MAX(Chng_Id) FROM DomainHist WHERE D_Name = 'auto-renew-test-22.ie'), 'auto-renew-test-22.ie', (SELECT MAX(Chng_Id) FROM NicHandleHist WHERE Nic_Handle = 'XBC189-IEDR'), 'Billing'),
((SELECT MAX(Chng_Id) FROM DomainHist WHERE D_Name = 'auto-renew-test-22.ie'), 'auto-renew-test-22.ie', (SELECT MAX(Chng_Id) FROM NicHandleHist WHERE Nic_Handle = 'XBC189-IEDR'), 'Creator'),
((SELECT MAX(Chng_Id) FROM DomainHist WHERE D_Name = 'auto-renew-test-22.ie'), 'auto-renew-test-22.ie', (SELECT MAX(Chng_Id) FROM NicHandleHist WHERE Nic_Handle = 'XBC189-IEDR'), 'Tech');
INSERT INTO ContactHist VALUES
((SELECT MAX(Chng_Id) FROM DomainHist WHERE D_Name = 'auto-renew-test-23.ie'), 'auto-renew-test-23.ie', (SELECT MAX(Chng_Id) FROM NicHandleHist WHERE Nic_Handle = 'XOE550-IEDR'), 'Admin'),
((SELECT MAX(Chng_Id) FROM DomainHist WHERE D_Name = 'auto-renew-test-23.ie'), 'auto-renew-test-23.ie', (SELECT MAX(Chng_Id) FROM NicHandleHist WHERE Nic_Handle = 'XBC189-IEDR'), 'Billing'),
((SELECT MAX(Chng_Id) FROM DomainHist WHERE D_Name = 'auto-renew-test-23.ie'), 'auto-renew-test-23.ie', (SELECT MAX(Chng_Id) FROM NicHandleHist WHERE Nic_Handle = 'XBC189-IEDR'), 'Creator'),
((SELECT MAX(Chng_Id) FROM DomainHist WHERE D_Name = 'auto-renew-test-23.ie'), 'auto-renew-test-23.ie', (SELECT MAX(Chng_Id) FROM NicHandleHist WHERE Nic_Handle = 'XBC189-IEDR'), 'Tech');
INSERT INTO ContactHist VALUES
((SELECT MAX(Chng_Id) FROM DomainHist WHERE D_Name = 'auto-renew-test-24.ie'), 'auto-renew-test-24.ie', (SELECT MAX(Chng_Id) FROM NicHandleHist WHERE Nic_Handle = 'XOE550-IEDR'), 'Admin'),
((SELECT MAX(Chng_Id) FROM DomainHist WHERE D_Name = 'auto-renew-test-24.ie'), 'auto-renew-test-24.ie', (SELECT MAX(Chng_Id) FROM NicHandleHist WHERE Nic_Handle = 'XBC189-IEDR'), 'Billing'),
((SELECT MAX(Chng_Id) FROM DomainHist WHERE D_Name = 'auto-renew-test-24.ie'), 'auto-renew-test-24.ie', (SELECT MAX(Chng_Id) FROM NicHandleHist WHERE Nic_Handle = 'XBC189-IEDR'), 'Creator'),
((SELECT MAX(Chng_Id) FROM DomainHist WHERE D_Name = 'auto-renew-test-24.ie'), 'auto-renew-test-24.ie', (SELECT MAX(Chng_Id) FROM NicHandleHist WHERE Nic_Handle = 'XBC189-IEDR'), 'Tech');
INSERT INTO ContactHist VALUES
((SELECT MAX(Chng_Id) FROM DomainHist WHERE D_Name = 'auto-renew-test-25.ie'), 'auto-renew-test-25.ie', (SELECT MAX(Chng_Id) FROM NicHandleHist WHERE Nic_Handle = 'XOE550-IEDR'), 'Admin'),
((SELECT MAX(Chng_Id) FROM DomainHist WHERE D_Name = 'auto-renew-test-25.ie'), 'auto-renew-test-25.ie', (SELECT MAX(Chng_Id) FROM NicHandleHist WHERE Nic_Handle = 'XBC189-IEDR'), 'Billing'),
((SELECT MAX(Chng_Id) FROM DomainHist WHERE D_Name = 'auto-renew-test-25.ie'), 'auto-renew-test-25.ie', (SELECT MAX(Chng_Id) FROM NicHandleHist WHERE Nic_Handle = 'XBC189-IEDR'), 'Creator'),
((SELECT MAX(Chng_Id) FROM DomainHist WHERE D_Name = 'auto-renew-test-25.ie'), 'auto-renew-test-25.ie', (SELECT MAX(Chng_Id) FROM NicHandleHist WHERE Nic_Handle = 'XBC189-IEDR'), 'Tech');
INSERT INTO ContactHist VALUES
((SELECT MAX(Chng_Id) FROM DomainHist WHERE D_Name = 'auto-renew-test-26.ie'), 'auto-renew-test-26.ie', (SELECT MAX(Chng_Id) FROM NicHandleHist WHERE Nic_Handle = 'XOE550-IEDR'), 'Admin'),
((SELECT MAX(Chng_Id) FROM DomainHist WHERE D_Name = 'auto-renew-test-26.ie'), 'auto-renew-test-26.ie', (SELECT MAX(Chng_Id) FROM NicHandleHist WHERE Nic_Handle = 'XBC189-IEDR'), 'Billing'),
((SELECT MAX(Chng_Id) FROM DomainHist WHERE D_Name = 'auto-renew-test-26.ie'), 'auto-renew-test-26.ie', (SELECT MAX(Chng_Id) FROM NicHandleHist WHERE Nic_Handle = 'XBC189-IEDR'), 'Creator'),
((SELECT MAX(Chng_Id) FROM DomainHist WHERE D_Name = 'auto-renew-test-26.ie'), 'auto-renew-test-26.ie', (SELECT MAX(Chng_Id) FROM NicHandleHist WHERE Nic_Handle = 'XBC189-IEDR'), 'Tech');

INSERT INTO Contact(D_Name, Contact_NH, Type) VALUES ('auto-renew-test-01.ie', 'XOE550-IEDR', 'Admin'), ('auto-renew-test-01.ie', 'XBC189-IEDR', 'Billing'), ('auto-renew-test-01.ie', 'XBC189-IEDR', 'Creator'), ('auto-renew-test-01.ie', 'XBC189-IEDR', 'Tech');
INSERT INTO Contact(D_Name, Contact_NH, Type) VALUES ('auto-renew-test-02.ie', 'XOE550-IEDR', 'Admin'), ('auto-renew-test-02.ie', 'XBC189-IEDR', 'Billing'), ('auto-renew-test-02.ie', 'XBC189-IEDR', 'Creator'), ('auto-renew-test-02.ie', 'XBC189-IEDR', 'Tech');
INSERT INTO Contact(D_Name, Contact_NH, Type) VALUES ('auto-renew-test-03.ie', 'XOE550-IEDR', 'Admin'), ('auto-renew-test-03.ie', 'XBC189-IEDR', 'Billing'), ('auto-renew-test-03.ie', 'XBC189-IEDR', 'Creator'), ('auto-renew-test-03.ie', 'XBC189-IEDR', 'Tech');
INSERT INTO Contact(D_Name, Contact_NH, Type) VALUES ('auto-renew-test-04.ie', 'XOE550-IEDR', 'Admin'), ('auto-renew-test-04.ie', 'XBC189-IEDR', 'Billing'), ('auto-renew-test-04.ie', 'XBC189-IEDR', 'Creator'), ('auto-renew-test-04.ie', 'XBC189-IEDR', 'Tech');
INSERT INTO Contact(D_Name, Contact_NH, Type) VALUES ('auto-renew-test-05.ie', 'XOE550-IEDR', 'Admin'), ('auto-renew-test-05.ie', 'XBC189-IEDR', 'Billing'), ('auto-renew-test-05.ie', 'XBC189-IEDR', 'Creator'), ('auto-renew-test-05.ie', 'XBC189-IEDR', 'Tech');
INSERT INTO Contact(D_Name, Contact_NH, Type) VALUES ('auto-renew-test-06.ie', 'XOE550-IEDR', 'Admin'), ('auto-renew-test-06.ie', 'XBC189-IEDR', 'Billing'), ('auto-renew-test-06.ie', 'XBC189-IEDR', 'Creator'), ('auto-renew-test-06.ie', 'XBC189-IEDR', 'Tech');
INSERT INTO Contact(D_Name, Contact_NH, Type) VALUES ('auto-renew-test-07.ie', 'XOE550-IEDR', 'Admin'), ('auto-renew-test-07.ie', 'XBC189-IEDR', 'Billing'), ('auto-renew-test-07.ie', 'XBC189-IEDR', 'Creator'), ('auto-renew-test-07.ie', 'XBC189-IEDR', 'Tech');
INSERT INTO Contact(D_Name, Contact_NH, Type) VALUES ('auto-renew-test-08.ie', 'XOE550-IEDR', 'Admin'), ('auto-renew-test-08.ie', 'XBC189-IEDR', 'Billing'), ('auto-renew-test-08.ie', 'XBC189-IEDR', 'Creator'), ('auto-renew-test-08.ie', 'XBC189-IEDR', 'Tech');
INSERT INTO Contact(D_Name, Contact_NH, Type) VALUES ('auto-renew-test-09.ie', 'XOE550-IEDR', 'Admin'), ('auto-renew-test-09.ie', 'XBC189-IEDR', 'Billing'), ('auto-renew-test-09.ie', 'XBC189-IEDR', 'Creator'), ('auto-renew-test-09.ie', 'XBC189-IEDR', 'Tech');
INSERT INTO Contact(D_Name, Contact_NH, Type) VALUES ('auto-renew-test-10.ie', 'XOE550-IEDR', 'Admin'), ('auto-renew-test-10.ie', 'XBC189-IEDR', 'Billing'), ('auto-renew-test-10.ie', 'XBC189-IEDR', 'Creator'), ('auto-renew-test-10.ie', 'XBC189-IEDR', 'Tech');
INSERT INTO Contact(D_Name, Contact_NH, Type) VALUES ('auto-renew-test-11.ie', 'XOE550-IEDR', 'Admin'), ('auto-renew-test-11.ie', 'XBC189-IEDR', 'Billing'), ('auto-renew-test-11.ie', 'XBC189-IEDR', 'Creator'), ('auto-renew-test-11.ie', 'XBC189-IEDR', 'Tech');
INSERT INTO Contact(D_Name, Contact_NH, Type) VALUES ('auto-renew-test-12.ie', 'XOE550-IEDR', 'Admin'), ('auto-renew-test-12.ie', 'XBC189-IEDR', 'Billing'), ('auto-renew-test-12.ie', 'XBC189-IEDR', 'Creator'), ('auto-renew-test-12.ie', 'XBC189-IEDR', 'Tech');
INSERT INTO Contact(D_Name, Contact_NH, Type) VALUES ('auto-renew-test-13.ie', 'XOE550-IEDR', 'Admin'), ('auto-renew-test-13.ie', 'XBC189-IEDR', 'Billing'), ('auto-renew-test-13.ie', 'XBC189-IEDR', 'Creator'), ('auto-renew-test-13.ie', 'XBC189-IEDR', 'Tech');
INSERT INTO Contact(D_Name, Contact_NH, Type) VALUES ('auto-renew-test-14.ie', 'XOE550-IEDR', 'Admin'), ('auto-renew-test-14.ie', 'XBC189-IEDR', 'Billing'), ('auto-renew-test-14.ie', 'XBC189-IEDR', 'Creator'), ('auto-renew-test-14.ie', 'XBC189-IEDR', 'Tech');
INSERT INTO Contact(D_Name, Contact_NH, Type) VALUES ('auto-renew-test-15.ie', 'XOE550-IEDR', 'Admin'), ('auto-renew-test-15.ie', 'XBC189-IEDR', 'Billing'), ('auto-renew-test-15.ie', 'XBC189-IEDR', 'Creator'), ('auto-renew-test-15.ie', 'XBC189-IEDR', 'Tech');
INSERT INTO Contact(D_Name, Contact_NH, Type) VALUES ('auto-renew-test-16.ie', 'XOE550-IEDR', 'Admin'), ('auto-renew-test-16.ie', 'XBC189-IEDR', 'Billing'), ('auto-renew-test-16.ie', 'XBC189-IEDR', 'Creator'), ('auto-renew-test-16.ie', 'XBC189-IEDR', 'Tech');
INSERT INTO Contact(D_Name, Contact_NH, Type) VALUES ('auto-renew-test-17.ie', 'XOE550-IEDR', 'Admin'), ('auto-renew-test-17.ie', 'XBC189-IEDR', 'Billing'), ('auto-renew-test-17.ie', 'XBC189-IEDR', 'Creator'), ('auto-renew-test-17.ie', 'XBC189-IEDR', 'Tech');
INSERT INTO Contact(D_Name, Contact_NH, Type) VALUES ('auto-renew-test-18.ie', 'XOE550-IEDR', 'Admin'), ('auto-renew-test-18.ie', 'XBC189-IEDR', 'Billing'), ('auto-renew-test-18.ie', 'XBC189-IEDR', 'Creator'), ('auto-renew-test-18.ie', 'XBC189-IEDR', 'Tech');
INSERT INTO Contact(D_Name, Contact_NH, Type) VALUES ('auto-renew-test-19.ie', 'XOE550-IEDR', 'Admin'), ('auto-renew-test-19.ie', 'XBC189-IEDR', 'Billing'), ('auto-renew-test-19.ie', 'XBC189-IEDR', 'Creator'), ('auto-renew-test-19.ie', 'XBC189-IEDR', 'Tech');
INSERT INTO Contact(D_Name, Contact_NH, Type) VALUES ('auto-renew-test-20.ie', 'XOE550-IEDR', 'Admin'), ('auto-renew-test-20.ie', 'XBC189-IEDR', 'Billing'), ('auto-renew-test-20.ie', 'XBC189-IEDR', 'Creator'), ('auto-renew-test-20.ie', 'XBC189-IEDR', 'Tech');
INSERT INTO Contact(D_Name, Contact_NH, Type) VALUES ('auto-renew-test-21.ie', 'XOE550-IEDR', 'Admin'), ('auto-renew-test-21.ie', 'XBC189-IEDR', 'Billing'), ('auto-renew-test-21.ie', 'XBC189-IEDR', 'Creator'), ('auto-renew-test-21.ie', 'XBC189-IEDR', 'Tech');
INSERT INTO Contact(D_Name, Contact_NH, Type) VALUES ('auto-renew-test-22.ie', 'XOE550-IEDR', 'Admin'), ('auto-renew-test-22.ie', 'XBC189-IEDR', 'Billing'), ('auto-renew-test-22.ie', 'XBC189-IEDR', 'Creator'), ('auto-renew-test-22.ie', 'XBC189-IEDR', 'Tech');
INSERT INTO Contact(D_Name, Contact_NH, Type) VALUES ('auto-renew-test-23.ie', 'XOE550-IEDR', 'Admin'), ('auto-renew-test-23.ie', 'XBC189-IEDR', 'Billing'), ('auto-renew-test-23.ie', 'XBC189-IEDR', 'Creator'), ('auto-renew-test-23.ie', 'XBC189-IEDR', 'Tech');
INSERT INTO Contact(D_Name, Contact_NH, Type) VALUES ('auto-renew-test-24.ie', 'XOE550-IEDR', 'Admin'), ('auto-renew-test-24.ie', 'XBC189-IEDR', 'Billing'), ('auto-renew-test-24.ie', 'XBC189-IEDR', 'Creator'), ('auto-renew-test-24.ie', 'XBC189-IEDR', 'Tech');
INSERT INTO Contact(D_Name, Contact_NH, Type) VALUES ('auto-renew-test-25.ie', 'XOE550-IEDR', 'Admin'), ('auto-renew-test-25.ie', 'XBC189-IEDR', 'Billing'), ('auto-renew-test-25.ie', 'XBC189-IEDR', 'Creator'), ('auto-renew-test-25.ie', 'XBC189-IEDR', 'Tech');
INSERT INTO Contact(D_Name, Contact_NH, Type) VALUES ('auto-renew-test-26.ie', 'XOE550-IEDR', 'Admin'), ('auto-renew-test-26.ie', 'XBC189-IEDR', 'Billing'), ('auto-renew-test-26.ie', 'XBC189-IEDR', 'Creator'), ('auto-renew-test-26.ie', 'XBC189-IEDR', 'Tech');

INSERT INTO DNSHist VALUES
((SELECT MAX(Chng_Id) FROM DomainHist WHERE D_Name = 'auto-renew-test-01.ie'), 'auto-renew-test-01.ie', 'ns1.abc1.ie', NULL, NULL, '1'),
((SELECT MAX(Chng_Id) FROM DomainHist WHERE D_Name = 'auto-renew-test-01.ie'), 'auto-renew-test-01.ie', 'ns2.abc1.ie', NULL, NULL, '2');
INSERT INTO DNSHist VALUES
((SELECT MAX(Chng_Id) FROM DomainHist WHERE D_Name = 'auto-renew-test-02.ie'), 'auto-renew-test-02.ie', 'ns1.abc1.ie', NULL, NULL, '1'),
((SELECT MAX(Chng_Id) FROM DomainHist WHERE D_Name = 'auto-renew-test-02.ie'), 'auto-renew-test-02.ie', 'ns2.abc1.ie', NULL, NULL, '2');
INSERT INTO DNSHist VALUES
((SELECT MAX(Chng_Id) FROM DomainHist WHERE D_Name = 'auto-renew-test-03.ie'), 'auto-renew-test-03.ie', 'ns1.abc1.ie', NULL, NULL, '1'),
((SELECT MAX(Chng_Id) FROM DomainHist WHERE D_Name = 'auto-renew-test-03.ie'), 'auto-renew-test-03.ie', 'ns2.abc1.ie', NULL, NULL, '2');
INSERT INTO DNSHist VALUES
((SELECT MAX(Chng_Id) FROM DomainHist WHERE D_Name = 'auto-renew-test-04.ie'), 'auto-renew-test-04.ie', 'ns1.abc1.ie', NULL, NULL, '1'),
((SELECT MAX(Chng_Id) FROM DomainHist WHERE D_Name = 'auto-renew-test-04.ie'), 'auto-renew-test-04.ie', 'ns2.abc1.ie', NULL, NULL, '2');
INSERT INTO DNSHist VALUES
((SELECT MAX(Chng_Id) FROM DomainHist WHERE D_Name = 'auto-renew-test-05.ie'), 'auto-renew-test-05.ie', 'ns1.abc1.ie', NULL, NULL, '1'),
((SELECT MAX(Chng_Id) FROM DomainHist WHERE D_Name = 'auto-renew-test-05.ie'), 'auto-renew-test-05.ie', 'ns2.abc1.ie', NULL, NULL, '2');
INSERT INTO DNSHist VALUES
((SELECT MAX(Chng_Id) FROM DomainHist WHERE D_Name = 'auto-renew-test-06.ie'), 'auto-renew-test-06.ie', 'ns1.abc1.ie', NULL, NULL, '1'),
((SELECT MAX(Chng_Id) FROM DomainHist WHERE D_Name = 'auto-renew-test-06.ie'), 'auto-renew-test-06.ie', 'ns2.abc1.ie', NULL, NULL, '2');
INSERT INTO DNSHist VALUES
((SELECT MAX(Chng_Id) FROM DomainHist WHERE D_Name = 'auto-renew-test-07.ie'), 'auto-renew-test-07.ie', 'ns1.abc1.ie', NULL, NULL, '1'),
((SELECT MAX(Chng_Id) FROM DomainHist WHERE D_Name = 'auto-renew-test-07.ie'), 'auto-renew-test-07.ie', 'ns2.abc1.ie', NULL, NULL, '2');
INSERT INTO DNSHist VALUES
((SELECT MAX(Chng_Id) FROM DomainHist WHERE D_Name = 'auto-renew-test-08.ie'), 'auto-renew-test-08.ie', 'ns1.abc1.ie', NULL, NULL, '1'),
((SELECT MAX(Chng_Id) FROM DomainHist WHERE D_Name = 'auto-renew-test-08.ie'), 'auto-renew-test-08.ie', 'ns2.abc1.ie', NULL, NULL, '2');
INSERT INTO DNSHist VALUES
((SELECT MAX(Chng_Id) FROM DomainHist WHERE D_Name = 'auto-renew-test-09.ie'), 'auto-renew-test-09.ie', 'ns1.abc1.ie', NULL, NULL, '1'),
((SELECT MAX(Chng_Id) FROM DomainHist WHERE D_Name = 'auto-renew-test-09.ie'), 'auto-renew-test-09.ie', 'ns2.abc1.ie', NULL, NULL, '2');
INSERT INTO DNSHist VALUES
((SELECT MAX(Chng_Id) FROM DomainHist WHERE D_Name = 'auto-renew-test-10.ie'), 'auto-renew-test-10.ie', 'ns1.abc1.ie', NULL, NULL, '1'),
((SELECT MAX(Chng_Id) FROM DomainHist WHERE D_Name = 'auto-renew-test-10.ie'), 'auto-renew-test-10.ie', 'ns2.abc1.ie', NULL, NULL, '2');
INSERT INTO DNSHist VALUES
((SELECT MAX(Chng_Id) FROM DomainHist WHERE D_Name = 'auto-renew-test-11.ie'), 'auto-renew-test-11.ie', 'ns1.abc1.ie', NULL, NULL, '1'),
((SELECT MAX(Chng_Id) FROM DomainHist WHERE D_Name = 'auto-renew-test-11.ie'), 'auto-renew-test-11.ie', 'ns2.abc1.ie', NULL, NULL, '2');
INSERT INTO DNSHist VALUES
((SELECT MAX(Chng_Id) FROM DomainHist WHERE D_Name = 'auto-renew-test-12.ie'), 'auto-renew-test-12.ie', 'ns1.abc1.ie', NULL, NULL, '1'),
((SELECT MAX(Chng_Id) FROM DomainHist WHERE D_Name = 'auto-renew-test-12.ie'), 'auto-renew-test-12.ie', 'ns2.abc1.ie', NULL, NULL, '2');
INSERT INTO DNSHist VALUES
((SELECT MAX(Chng_Id) FROM DomainHist WHERE D_Name = 'auto-renew-test-13.ie'), 'auto-renew-test-13.ie', 'ns1.abc1.ie', NULL, NULL, '1'),
((SELECT MAX(Chng_Id) FROM DomainHist WHERE D_Name = 'auto-renew-test-13.ie'), 'auto-renew-test-13.ie', 'ns2.abc1.ie', NULL, NULL, '2');
INSERT INTO DNSHist VALUES
((SELECT MAX(Chng_Id) FROM DomainHist WHERE D_Name = 'auto-renew-test-14.ie'), 'auto-renew-test-14.ie', 'ns1.abc1.ie', NULL, NULL, '1'),
((SELECT MAX(Chng_Id) FROM DomainHist WHERE D_Name = 'auto-renew-test-14.ie'), 'auto-renew-test-14.ie', 'ns2.abc1.ie', NULL, NULL, '2');
INSERT INTO DNSHist VALUES
((SELECT MAX(Chng_Id) FROM DomainHist WHERE D_Name = 'auto-renew-test-15.ie'), 'auto-renew-test-15.ie', 'ns1.abc1.ie', NULL, NULL, '1'),
((SELECT MAX(Chng_Id) FROM DomainHist WHERE D_Name = 'auto-renew-test-15.ie'), 'auto-renew-test-15.ie', 'ns2.abc1.ie', NULL, NULL, '2');
INSERT INTO DNSHist VALUES
((SELECT MAX(Chng_Id) FROM DomainHist WHERE D_Name = 'auto-renew-test-16.ie'), 'auto-renew-test-16.ie', 'ns1.abc1.ie', NULL, NULL, '1'),
((SELECT MAX(Chng_Id) FROM DomainHist WHERE D_Name = 'auto-renew-test-16.ie'), 'auto-renew-test-16.ie', 'ns2.abc1.ie', NULL, NULL, '2');
INSERT INTO DNSHist VALUES
((SELECT MAX(Chng_Id) FROM DomainHist WHERE D_Name = 'auto-renew-test-17.ie'), 'auto-renew-test-17.ie', 'ns1.abc1.ie', NULL, NULL, '1'),
((SELECT MAX(Chng_Id) FROM DomainHist WHERE D_Name = 'auto-renew-test-17.ie'), 'auto-renew-test-17.ie', 'ns2.abc1.ie', NULL, NULL, '2');
INSERT INTO DNSHist VALUES
((SELECT MAX(Chng_Id) FROM DomainHist WHERE D_Name = 'auto-renew-test-18.ie'), 'auto-renew-test-18.ie', 'ns1.abc1.ie', NULL, NULL, '1'),
((SELECT MAX(Chng_Id) FROM DomainHist WHERE D_Name = 'auto-renew-test-18.ie'), 'auto-renew-test-18.ie', 'ns2.abc1.ie', NULL, NULL, '2');
INSERT INTO DNSHist VALUES
((SELECT MAX(Chng_Id) FROM DomainHist WHERE D_Name = 'auto-renew-test-19.ie'), 'auto-renew-test-19.ie', 'ns1.abc1.ie', NULL, NULL, '1'),
((SELECT MAX(Chng_Id) FROM DomainHist WHERE D_Name = 'auto-renew-test-19.ie'), 'auto-renew-test-19.ie', 'ns2.abc1.ie', NULL, NULL, '2');
INSERT INTO DNSHist VALUES
((SELECT MAX(Chng_Id) FROM DomainHist WHERE D_Name = 'auto-renew-test-20.ie'), 'auto-renew-test-20.ie', 'ns1.abc1.ie', NULL, NULL, '1'),
((SELECT MAX(Chng_Id) FROM DomainHist WHERE D_Name = 'auto-renew-test-20.ie'), 'auto-renew-test-20.ie', 'ns2.abc1.ie', NULL, NULL, '2');
INSERT INTO DNSHist VALUES
((SELECT MAX(Chng_Id) FROM DomainHist WHERE D_Name = 'auto-renew-test-21.ie'), 'auto-renew-test-21.ie', 'ns1.abc1.ie', NULL, NULL, '1'),
((SELECT MAX(Chng_Id) FROM DomainHist WHERE D_Name = 'auto-renew-test-21.ie'), 'auto-renew-test-21.ie', 'ns2.abc1.ie', NULL, NULL, '2');
INSERT INTO DNSHist VALUES
((SELECT MAX(Chng_Id) FROM DomainHist WHERE D_Name = 'auto-renew-test-22.ie'), 'auto-renew-test-22.ie', 'ns1.abc1.ie', NULL, NULL, '1'),
((SELECT MAX(Chng_Id) FROM DomainHist WHERE D_Name = 'auto-renew-test-22.ie'), 'auto-renew-test-22.ie', 'ns2.abc1.ie', NULL, NULL, '2');
INSERT INTO DNSHist VALUES
((SELECT MAX(Chng_Id) FROM DomainHist WHERE D_Name = 'auto-renew-test-23.ie'), 'auto-renew-test-23.ie', 'ns1.abc1.ie', NULL, NULL, '1'),
((SELECT MAX(Chng_Id) FROM DomainHist WHERE D_Name = 'auto-renew-test-23.ie'), 'auto-renew-test-23.ie', 'ns2.abc1.ie', NULL, NULL, '2');
INSERT INTO DNSHist VALUES
((SELECT MAX(Chng_Id) FROM DomainHist WHERE D_Name = 'auto-renew-test-24.ie'), 'auto-renew-test-24.ie', 'ns1.abc1.ie', NULL, NULL, '1'),
((SELECT MAX(Chng_Id) FROM DomainHist WHERE D_Name = 'auto-renew-test-24.ie'), 'auto-renew-test-24.ie', 'ns2.abc1.ie', NULL, NULL, '2');
INSERT INTO DNSHist VALUES
((SELECT MAX(Chng_Id) FROM DomainHist WHERE D_Name = 'auto-renew-test-25.ie'), 'auto-renew-test-25.ie', 'ns1.abc1.ie', NULL, NULL, '1'),
((SELECT MAX(Chng_Id) FROM DomainHist WHERE D_Name = 'auto-renew-test-25.ie'), 'auto-renew-test-25.ie', 'ns2.abc1.ie', NULL, NULL, '2');
INSERT INTO DNSHist VALUES
((SELECT MAX(Chng_Id) FROM DomainHist WHERE D_Name = 'auto-renew-test-26.ie'), 'auto-renew-test-26.ie', 'ns1.abc1.ie', NULL, NULL, '1'),
((SELECT MAX(Chng_Id) FROM DomainHist WHERE D_Name = 'auto-renew-test-26.ie'), 'auto-renew-test-26.ie', 'ns2.abc1.ie', NULL, NULL, '2');

INSERT INTO DNS VALUES ('auto-renew-test-01.ie', 'ns1.abc1.ie', NULL, NULL, '1'), ('auto-renew-test-01.ie', 'ns2.abc1.ie', NULL, NULL, '2');
INSERT INTO DNS VALUES ('auto-renew-test-02.ie', 'ns1.abc1.ie', NULL, NULL, '1'), ('auto-renew-test-02.ie', 'ns2.abc1.ie', NULL, NULL, '2');
INSERT INTO DNS VALUES ('auto-renew-test-03.ie', 'ns1.abc1.ie', NULL, NULL, '1'), ('auto-renew-test-03.ie', 'ns2.abc1.ie', NULL, NULL, '2');
INSERT INTO DNS VALUES ('auto-renew-test-04.ie', 'ns1.abc1.ie', NULL, NULL, '1'), ('auto-renew-test-04.ie', 'ns2.abc1.ie', NULL, NULL, '2');
INSERT INTO DNS VALUES ('auto-renew-test-05.ie', 'ns1.abc1.ie', NULL, NULL, '1'), ('auto-renew-test-05.ie', 'ns2.abc1.ie', NULL, NULL, '2');
INSERT INTO DNS VALUES ('auto-renew-test-06.ie', 'ns1.abc1.ie', NULL, NULL, '1'), ('auto-renew-test-06.ie', 'ns2.abc1.ie', NULL, NULL, '2');
INSERT INTO DNS VALUES ('auto-renew-test-07.ie', 'ns1.abc1.ie', NULL, NULL, '1'), ('auto-renew-test-07.ie', 'ns2.abc1.ie', NULL, NULL, '2');
INSERT INTO DNS VALUES ('auto-renew-test-08.ie', 'ns1.abc1.ie', NULL, NULL, '1'), ('auto-renew-test-08.ie', 'ns2.abc1.ie', NULL, NULL, '2');
INSERT INTO DNS VALUES ('auto-renew-test-09.ie', 'ns1.abc1.ie', NULL, NULL, '1'), ('auto-renew-test-09.ie', 'ns2.abc1.ie', NULL, NULL, '2');
INSERT INTO DNS VALUES ('auto-renew-test-10.ie', 'ns1.abc1.ie', NULL, NULL, '1'), ('auto-renew-test-10.ie', 'ns2.abc1.ie', NULL, NULL, '2');
INSERT INTO DNS VALUES ('auto-renew-test-11.ie', 'ns1.abc1.ie', NULL, NULL, '1'), ('auto-renew-test-11.ie', 'ns2.abc1.ie', NULL, NULL, '2');
INSERT INTO DNS VALUES ('auto-renew-test-12.ie', 'ns1.abc1.ie', NULL, NULL, '1'), ('auto-renew-test-12.ie', 'ns2.abc1.ie', NULL, NULL, '2');
INSERT INTO DNS VALUES ('auto-renew-test-13.ie', 'ns1.abc1.ie', NULL, NULL, '1'), ('auto-renew-test-13.ie', 'ns2.abc1.ie', NULL, NULL, '2');
INSERT INTO DNS VALUES ('auto-renew-test-14.ie', 'ns1.abc1.ie', NULL, NULL, '1'), ('auto-renew-test-14.ie', 'ns2.abc1.ie', NULL, NULL, '2');
INSERT INTO DNS VALUES ('auto-renew-test-15.ie', 'ns1.abc1.ie', NULL, NULL, '1'), ('auto-renew-test-15.ie', 'ns2.abc1.ie', NULL, NULL, '2');
INSERT INTO DNS VALUES ('auto-renew-test-16.ie', 'ns1.abc1.ie', NULL, NULL, '1'), ('auto-renew-test-16.ie', 'ns2.abc1.ie', NULL, NULL, '2');
INSERT INTO DNS VALUES ('auto-renew-test-17.ie', 'ns1.abc1.ie', NULL, NULL, '1'), ('auto-renew-test-17.ie', 'ns2.abc1.ie', NULL, NULL, '2');
INSERT INTO DNS VALUES ('auto-renew-test-18.ie', 'ns1.abc1.ie', NULL, NULL, '1'), ('auto-renew-test-18.ie', 'ns2.abc1.ie', NULL, NULL, '2');
INSERT INTO DNS VALUES ('auto-renew-test-19.ie', 'ns1.abc1.ie', NULL, NULL, '1'), ('auto-renew-test-19.ie', 'ns2.abc1.ie', NULL, NULL, '2');
INSERT INTO DNS VALUES ('auto-renew-test-20.ie', 'ns1.abc1.ie', NULL, NULL, '1'), ('auto-renew-test-20.ie', 'ns2.abc1.ie', NULL, NULL, '2');
INSERT INTO DNS VALUES ('auto-renew-test-21.ie', 'ns1.abc1.ie', NULL, NULL, '1'), ('auto-renew-test-21.ie', 'ns2.abc1.ie', NULL, NULL, '2');
INSERT INTO DNS VALUES ('auto-renew-test-22.ie', 'ns1.abc1.ie', NULL, NULL, '1'), ('auto-renew-test-22.ie', 'ns2.abc1.ie', NULL, NULL, '2');
INSERT INTO DNS VALUES ('auto-renew-test-23.ie', 'ns1.abc1.ie', NULL, NULL, '1'), ('auto-renew-test-23.ie', 'ns2.abc1.ie', NULL, NULL, '2');
INSERT INTO DNS VALUES ('auto-renew-test-24.ie', 'ns1.abc1.ie', NULL, NULL, '1'), ('auto-renew-test-24.ie', 'ns2.abc1.ie', NULL, NULL, '2');
INSERT INTO DNS VALUES ('auto-renew-test-25.ie', 'ns1.abc1.ie', NULL, NULL, '1'), ('auto-renew-test-25.ie', 'ns2.abc1.ie', NULL, NULL, '2');
INSERT INTO DNS VALUES ('auto-renew-test-26.ie', 'ns1.abc1.ie', NULL, NULL, '1'), ('auto-renew-test-26.ie', 'ns2.abc1.ie', NULL, NULL, '2');

